Title;Rating;Header;Text;Date
1+1 (2011);+;;Старая поговорка гласит: «Лучшие рассказы – это рассказы написанные самой жизнью». Режиссёрскому дуэту Оливье Накаша и Эрика Толедано удалось правильно рассказать трагикомедию основанную на реальной истории бедного молодого араба из французского гетто и парализованного бизнесмена, которых судьба связала неожиданной дружбой, несмотря на то, что в реальности их ничего не связывает, будь то социальный статус, или взгляды на понимание жизни.   Очаровательная трагикомедия «Неприкасаемые» прежде всего имеет сердце и ум, полностью свободный от штампов о проявлении сострадания к инвалидам и прочим недееспособным людям. Фильм правильно позволяет им, в лице Филиппа, ощущать себя такими же практически полноценными людьми, как и все остальные, передавая всё это в юмористической форме, часто граничащей с обезоруживающей откровенностью. А происходит это на экране благодаря прежде всего увлекательной атмосфере, которую создаёт отличный дуэт Омара Сая, кажется имеющего в кармане свежую шутку и Франсуа Клюзе, лишь через мимику и голос мастерски делающего этот фильм успешным. Кроме этого фильм также затрагивает мимоходом и другие темы, которые по-прежнему вызывают много вопросов во французском обществе, будь то безработица среди эмигрантов, или детская преступность, в промежутках между которыми имея возможность ещё и покритиковать современное искусство, которое в 90% своих случаев граничит с простой детской мазней, но будучи высоко оценённым критиками выдаётся за нечто гениальное.   Создав, в конечном итоге, жизнеутверждающий, остроумный, веселый и обаятельный взрыв смеси драмы и комедии в наиболее эффективных пропорциях, «Неприкасаемые» стали практически идеальным фильмом для любой аудитории и уж точно одной из лучших французских лент 2011 года! ;2012-02-26T13:08:00
1+1 (2011);+;Фильм, после которого на душе хорошо.;Душевно. Когда противоположности встречаются, они притягиваются. Филипп и Дрис, как раз такие вот противоположности, люди из разных миров. У каждого своя трагедия. Один бедный, живет в многодетной семье и ссорится со всеми его ее членами, другой же богатый и страдающий от одиночества, причем от одиночества когда вокруг много людей, но ты парадоксально одинок, думаю это случалось со всеми нами. У Филипа и Дриса разный взгляд буквально на все: искусство, машины, любовь. И очень интересно выслушивать их доводы в свою пользу. В этом фильме мы увидели образец настоящего конфликта, это не игра кто кого перекричит как в 'Пусть говорят' это обмен своими мнениями и доводами. Мы увидели фильм, который по-настоящему борется с расизмом, не навязывая нам какие то мысли, а просто своим существованием.   Фильм использует очень много приемов, которые хотелось бы увидеть в других картинах. Это комедия, после которой совсем не смеешься, но тебе очень хорошо, побольше бы таких комедий. Это драма после которой совсем не жалко героев, но после которой так хочется заплакать, побольше бы таких драм. Этот фильм для наших чувств. Человеческих чувств. Филипп и Дрисс стали настоящими друзьями, и дополняя друг-друга сделали себя добрее и лучше. И несмотря на большое количество денег у Филлипа, я думаю Дрисс сделал все таки больше для своего нового друга, которого так покалечила судьба, ведь он вернул ему веру в жизнь - любовь. Ну а Филипп в свою очередь научил Дрисса ценить искусство, что также немаловажно.   Задумываясь над прошлой жизнью  Филиппа, осознаешь, насколько в нашей жизни может сыграть мгновение. Та страшная катастрофа изменившая жизнь миллионера, поменьше бы таких моментов. Та встреча изменившая жизнь потерявшего веру в жизнь человека, побольше бы таких моментов.  Но эта жизнь, и случится то что случится. А фильм обязательно посмотрите.   P.S.  Конечно глупо, но никогда не представлял себе, что можно так весело побриться. ;2012-03-18T12:29:00
1+1 (2011);+;Intouchables;Об этом фильме я вообще ничего не знал, но неделю назад друг мне посоветовал его к просмотру. Я, естественно, заинтересовался данным проектом, потому что увидел только хорошие отзывы о нем, а также заметил его резкое попадание в Топ-250 лучших фильмов, поэтому не посмотреть его я никак не мог. И вот, фильм просмотрен, мне он очень понравился, я до сих пор под впечатлением от него.   Сюжет фильма основан на реальных событиях. Филипп - инвалид, он пострадал в несчастном случае и его тело полностью обездвижено ниже шеи. По скольку за ним нужен уход, он нанимает на работу жителя предместья Дрисса, которого только что выпустили из тюрьмы. После этого Дрисс показывает Филиппу новый взгляд на жизнь, они начинают развлекаться и много времени проводить вместе в поисках новых приключений...   Режиссёрами фильма стали Оливье Накаш и Эрик Толедано, которые до этого сняли несколько ни чем не примечательных фильмов. Они смогли снять замечательных фильм, такое кино, которое уже практически не увидишь. К тому же они и сценаристы фильма, хоть он и основан на реальных событиях, многое они сами внесли в фильм. Вообще сейчас французское кино перешло на новый уровень, эти фильмы покоряют практически всех, доказательство тому недавно получивший Оскар за лучший фильм 'Артист'. В общем, режиссёрская работа отличная, фильм снят очень хорошо.   Очень понравилось музыкально сопровождение картины, композиции исполненные на фортепиано замечательно подошли и украсили фильм, а также присутствовали многие уже известные песни, которые тоже порадовали.   Юмор был просто великолепным, все шутки и ситуации были очень смешными. И хоть по сути этот фильм драма, я бы скорее его назвал комедийной драмой, потому что весь драматизм разбавлен замечательным юмором, это определенно сделало фильм лучше.   Главные роли исполнили Франсуа Клюзе и Омар Сай, они сыграли просто великолепно, потрясающий вышел дуэт. На протяжении всего фильма к ним так привыкаешь, что не хочется с ними прощаться, хочется что бы они еще и еще радовали всех своими совместными сценами. Франсуа весь фильм мог пошевелить только головой, поэтому ему приходилось играть одним лицом и это у него вышло отлично. А вот Омар по полной программе повеселил зрителя, в особенности понравилось как он пошучивал над персонажем Франсуа. В общем, актерская игра здесь на высшем уровне, два актера, к тому же ранее нигде не приметные, вытянули весь фильм.   '1+1' - это легкое, доброе, приятное и душевное кино, которое после просмотра еще на долго запомнится. Фильм после которого на душе действительно хорошо, он идеально поднимает настроение. Фильм о настоящей мужской дружбе. Фильм о жизни.   9 из 10   P.S. Я очень рекомендую его к просмотру, уверен не разочаруетесь. ;2012-03-22T20:44:00
1+1 (2011);+;Душевно..;Самое сильное кино начала этого года, или конца прошлого, не в этом суть. А суть в том, что авторам фильма удалось сделать замечательное и доброе кино о дружбе двух мужчин. Дружбе, которая состоялась благодаря тому, что у одного не было пособия, а у второго медбрата - присматривающего за ним, из-за того, что двигаться и обеспечивать себя он не способен. И вот один из них случайно попадает на собеседование, а второй, в качестве эксперимента или вследствие интереса нанимает, что бы посмотреть как оно будет и что из этого выйдет. А выходит вполне серьезное и дружеское отношение между разными сословиями и разными культурами, которых может объединить не только недуг, но и стремление к жизни, свободе и любви.. Самое главное, что фильм поставлен на реальных событиях, конечно он изменен и персонажи переработаны, но факт остаетса фактом. Ну и то, что режиссеру удалось сделать интересное кино, актерам сыграть хорошие и сильные роли, а сценаристам насытить фильм юмором и человеческими чувствами.   10 из 10 ;2012-03-07T17:47:00
1+1 (2011);+;Непотопляемые;'В этом парне нет ни капли жалости, зря вы берете его в качестве сиделки. - А мне и не нужна жалость, я устал от нее, можешь ты это понять?'   Это не просто еще один французский фильм, а самый настоящий шедевр, фильм-событие!!! Фильм, который покоряет и удивляет с первых минут просмотра. Очень кратко объясню почему.   Во-первых, я до сих пор не понимаю, как режиссерам Накашу и Толедано удалось снять  искрометнейшую комедию о парализованном и парне из трущоб со всеми вытекающими. Но ведь удалось же! Причем не просто комедию, не очередную одноразовую пустышку, а нечто глубокое, действительно жизнеутверждающее с необыкновенным, очень добрым юмором без капли пошлости. Лично у меня сложилось впечатление, что фильм вступает в диалог с лентой Алехандро Аменабара 'Море внутри', в котором главный герой, тоже страдающий тетраплегией, борется за свое право умереть (некоторые эпизоды явно отсылают к фильму Аменабара). Но 'Неприкасаемые' вовсе не о смерти, а о всепобеждающей радости жизни, о непотопляемом оптимизме, о настоящих человеческих ценностях: дружбе, семье, ответственности.   Во-вторых, фильм полностью основан на реальных событиях. Только араб Абдел стал чернокожим Дриссом.   В-третьих, сочетание глубины и доступности. Да простят меня любители странных фильмов, я терпеть не могу артхаус. 'Неприкасаемые' - достойнейший фестивальный фильм (впервые показали его, кстати, не во Франции, а на фестивале в Испании), но при этом очень легко смотрится, понятен всем и каждому. От экрана не оторваться.   В-четвертых, игра актеров... Без комментариев. Никогда не видел в кино ничего более естественного и впечатляющего.   В-пятых, музыка Людовико Ейнауди. Шедевр в шедевре.   И, напоследок, небольшой анекдот. Фильм 'Неприкасаемые' я посмотрел во Франции. Он был в прокате примерно в то же время, что и мерзопакостные 'Сумерки'. Проходя как-то раз, уже после того как я посмотрел 'Неприкасаемых', мимо кинотеатра в торговом центре, я увидел огромную очередь, выстроившуюся перед билетными кассами. Я, естественно, подумал, что народ стоит за билетами на 'Сумерки'. Но тут я услышал голос кассирши: 'Билетов на 'Неприкасаемых' больше нет, приносим наши извинения.' Люди негодовали. 16 миллионов просмотров, для Франции это просто бомба. Вот что такое хороший вкус.   С нетерпением жду выхода фильма в России. Немного расстроило то, что он не фигурирует среди ожидаемых фильмов 2012 года по версии 'Кинопоиска'. Может, он выйдет позже? Обращаюсь к редакции сайта: такой фильм пропустить нельзя. Он один из лучших за всю историю мирового кинематографа.   10 из 10   Однозначно. ;2012-01-06T16:19:00
1+1 (2011);+;Второй шанс.;До выхода этого фильма в Российский прокат осталось еще 20 дней, но фильм прочно закрепился в ТОП-250. Заслужил ли фильм таких высоких оценок? На мой взгляд, да.  Филипп - богатый аристократ, но в результате несчастного случая он становится инвалидом. Возможно, он так бы и провел свою жизнь, лежа в кровати, если бы не Дрисс, выходец из французского гетто. Он смог показать Филиппу, что несмотря на инвалидность, можно жить на полную катушку и ни в чем себе не отказывать. Ведь инвалидность еще не конец. Актеры, сыгравшие в этом фильме просто великолепные. Франсуа Клюзе, о, за его игру я бы и 'Оскара' не пожалел. Омар Си тоже великолепен в роли Дрисса, простоватого паренька из большой семьи.   Чем еще фильм привлекает, так это своей простотой. Кажется, что ты наблюдаешь не фильм, а реальную историю. За это можно сказать спасибо режиссерам Оливье Накашу и Эрику Толедано, которые так же написали сценарий. Фильм основан на реальных событиях, и это плюс. Честно говоря, я устал от фантастических блокбастеров. Хочется посмотреть, что-нибудь более приземленное.   Музыка в фильме очень трогательная, так сказать, берет за душу. К операторской работе тоже сложно придраться. Также понравилось то, что создатели грамотно смешали комедию и драму. Юмор не перешел границы, он был тонким и смешным. Финал фильма одновременно грустный и счастливый. В принципе, так и должно быть   В итоге, фильм получился просто отличным.  Здесь нет никаких спецэффектов. Но зато есть отличные актеры, прекрасный сюжет, хорошая музыка. Киноманам рекомендуется.  Инвалид — это психология, образ жизни. Это отсутствие Духа, а не части тела. ;2012-04-06T16:09:00
1+1 (2011);+;Простой и человечный, трогательный и забавный, остросоциальный и философский фильм-открытие, фильм-сенсация;Я обратил внимание на эту картину только потому, что она уверенно поднимается и занимает очень высокое место в списке лучших фильмов на сайте, на котором Вы сейчас читаете рецензию.   Меня это заинтриговало, и я решил посмотреть 'Неприкасаемых' (откуда взялось и что знаменует название '1+1' мне не очень понятно, поэтому в своей рецензии я буду употреблять оригинальное название фильма - 'Неприкасаемые'). В общем, я посмотрел... и остался под впечатлением, был поражен тому, что мог раньше не замечать такого шедевра.  Давайте выясним, в чем секрет успеха этого фильма (ведь фильм действительно успешен: его посмотрел чуть ли не каждый житель Парижа - об этом свидетельствуют рекордные кассовые сборы, а сам фильм был признан главным культурным событием Франции в 2011 году).   Первое, на что хочется обратить внимание - это нетривиальный сюжет, основанный на реальных событиях. В центре повествования два главных героя - богатый инвалид-аристократ Филипп и бедный темнокожий безработный Дрисс, только что вышедший из тюрьмы за ограбление. Казалось бы, что между ними общего? Что их может связывать? А то, что их сталкивает случай и Дрисс начинает работать на Филиппа, со временем становясь ему не только 'нянькой', но и настоящим другом. Вот так, полностью противоположные люди, с абсолютно разным интеллектом, культурным кругозором, социальным положением и совершенно разными представлениями о жизни, даже с разным возрастом и расовыми различиями, сближаются, проникаются друг к другу симпатией и меняют благодаря этой встрече свои жизни к лучшему. Сюжет просто удивительный, и просто не верится, что такая замечательная и интересная история могла произойти с реальными людьми...   Говоря о главных героях и об этих различиях необходимо отметить остросоциальность  этого фильма. Эта 'игра на контрастах', противопоставление жизни 'белых' и 'черных' и создает почву для раскрытия многих социальных проблем: расовой ненависти и расовых различий, проблем молодежи, социальных несоответствий, проблему окраины и центра, культурной пропасти в рамках одного государства, и даже одного города. Также в фильме поднято множество общефилософских вопросов: об отношении к жизни, об истинной дружбе и любви, о страхах и предрассудках.   Сразу же хочется отметить удивительную простую философию и исцеляющее воздействие на зрителя. Ведь после просмотра начинаешь верить в себя, в свои силы... и в чудеса!  Да, именно в чудеса, простые, человеческие, которые легко достижимы и в которые только стоит поверить! Я считаю, что фильм 'Неприкасаемые' может стать отличным стимулом  не только для людей с физическими ограничениями, но и абсолютно для всех людей, которые испытывают какие-то трудности и проблемы. Пусть фильм немного наивный, но раз эта история произошла на самом деле, то значит, эта наивность вполне уместна и еще встречается в нашем жестком и жестоком мире.   Говоря о воздействии на зрителя, стоит похвалить и отдельно отметить общую атмосферу фильма. Перед нами предстает классическая трагикомедия, включающая массу забавных и трогательных моментов. К тому же фильм визуально очень приятный: мы увидим красивейшие виды ночного Парижа, прекрасные пейзажи и даже испытаем ощущение полета с парашютом... Поэтому 'Неприкасаемых' стоит смотреть и ради эстетического удовольствия.   Отдельной строкой необходимо прописать блестящую актерскую игру. Имена актеров, задействованных в этом фильме, лично мне не о чем не говорят, и я надеюсь, что роли в этой картине принесут им мировую известность. Все актеры создают очень сложные и реалистичные образы, мне кажется, что все они душевные и симпатичные люди, на которых просто приятно смотреть. Особого внимания заслуживает Франсуа Клюзе, играющий Филиппа. Мне кажется, что очень трудно играть человека, у которого парализована большая часть тела. Но он блестяще справляется с этой непростой задачей: мы верим, что перед нами по правде больной человек. В общем, я желаю актерам, задействованным в этом фильме снискать мировую известность и получить множество самых престижных наград.   Так же я не могу не отметить творческий подход создателей фильма к подбору музыкального сопровождения. Ведь главные герои в виду своих социо-культурных различий предпочитают совершенно разную музыку. И это обстоятельство здорово обыгрывается в фильме: мы услышим как проникновенные классические произведения Баха и Моцарта, так и зажигательную классику жанров джаза, р-н-б и соул музыки. Просто потрясающее решение! Музыка точно не даст зрителю скучать!  В итоге мы получаем универсальный, очень талантливо сделанный фильм, к которому просто невозможно придраться. Я советую посмотреть 'Неприкасаемых' всем, кто хочет получить положительные эмоции и стать свидетелем чуда в реальной жизни.   Я могу сравнить сюжет этого фильма с 'Шофером мисс Дейзи', остросоциальсть с современным фильмом 'Прислуга', а общее впечатление просто уникально и несравнимо.  Я надеюсь, что фильм 'Неприкасаемые' станет классикой французского кинематографа - я думаю он смело может встать в один ряд с такими фильмами как 'Леон' и 'Амели', ведь он этого действительно достоин. Я нахожусь под впечатлением, и пусть несколько завышено и преждевременно, но я ставлю 'Неприкасаемым' высший балл -   10 из 10  P.S.: Товарищ 'Артист', Вам придется подвинуться - ведь в моем списке фаворитов за 2011-2012 гг. у Вас появился достойный конкурент! ;2012-03-26T13:20:00
1+1 (2011);+;Те, кто озаряют жизнь других, не останутся сами без света © Джеймс Мэтью Барри;Бывают наступают такие моменты, когда передо мной стоит вопрос, что же посмотреть. Казалось бы, фильмов масса, выбирай любой, но нет, и этого не хочется и того. В такие моменты наверное хочется чего-то особенного. Зашла в топ-250, и когда увидела, что фильм, который давным-давно добавлен в список 'необходимо посмотреть' уже на 10 месте, тут же остановила свой выбор именно на нем. Итак, '1+1' или 'Неприкасаемые'.   Сюжет фильма - это история из жизни одного простого человека. Несчастный случай приковал его к инвалидной коляске, лишив навсегда возможности ходить. Более того, лишил его того, чего люди никогда не ценили в своей жизни. В таком положение без посторонней помощи не обойтись. И если удастся найти человека, который способен помочь, это хорошо. А вот, если получится найти человека, способного не просто помочь, а озарить вашу жизнь, то здесь можно сказать 'повезло, так повезло'.   Непростые судьбы двух разных людей. Стремление жить. Бороться. Свет, без которого нельзя в первом случае. И ситуация, заставляющая переосмыслить, во втором. Крепкое переплетение. Для того, чтобы понять - не всё потеряно и начать ценить то, что есть.   Великолепный актерский дуэт: Франсуа Клюзе и Омар Си. Непохожие герои, но так прекрасно дополняющие друг друга. И эмоции, которые легче почувствовать, чем описать. Фильм, который навсегда останется не просто в моей памяти, в моем сердце.  Рекомендую всем-всем-всем. Великолепное кино.   10 из 10  P.S. Если вы не можете лететь - бегите, если вы не можете бежать - шагайте, если вы не можете шагать – ползите, но что бы вы ни делали, вы должны двигаться вперед © Мартин Лютер Кинг младший. ;2012-03-31T14:54:00
1+1 (2011);+;1+1. Во всём;'1+1' можно, пожалуй, назвать слоганом данного фильма. История о двух людях, связанных настолько неразрывно, что друг без друга они просто не могут мыслить себя, при этом оставаясь самодостаточными людьми. История, придуманная двумя режиссёрами, которые все свои фильмы сняли вместе. А если оттолкнуться от символизма - Оливье Накаш и Эрик Толедано сняли отличное кино!   Фильм основан на реальных событиях, но не поэтому он так цепляет. Сам прототип одного из главных героев настоял на том, чтобы история была не драмой, а комедией - он не хотел жалости к себе. И эта идея была удачной с самого начала. А пронизанная тонким юмором и великолепной актёрской игрой она стала блестящей!   В наш век сверхтолерантности все сочувствуют инвалидам, относятся к ним к повышенной предупредительностью, при этом в глубине души не осознавая всей сути происходящего. '1+1' - великолепное пособие, если угодно. Фильм, проповедущий человечность в лучшем смысле этого слова, - когда к инвалиду относятся не как к инвалиду, а как к человеку, не замечая физических изъянов. Когда на первый план выходят именно человеческие качества - ум, душа, юмор. Когда во главу угла ставятся эмоции, а не физические возможности.   Потрясающая история была бы не столь яркой, если бы не актерский талант Франсуа Клюзе и Омара Си. Настолько разные, вместе они смотрятся как одно целое - их просто невозможно представить друг без друга. Они дополняют друг друга столь органично, что в их искреннюю дружбу и верность этой дружбе веришь сразу и окончательно, временами забывая, что это актёры.   Воистину, это один из самых добрых и трогательных фильмов, которые я видел   10 из 10 ;2012-04-02T12:37:00
1+1 (2011);+;Научиться жить.;Удивительный фильм. Даже после просмотра невозможно связать слова в предложения, настолько фильм чудесен. Это великолепный рассказ о двух верных друзьях, вроде бы, таких разных.  Франсуа Клюзе сыграл инвалида, который потерял смысл жизни. Он считал, что раз уж он инвалид, то он уже не существует в мире. Он не мог ничего делать, и возможно, в какой-то степени, он нанимал сиделок не только ради того, чтобы за ним ухаживали, но и ради того, чтобы ему морально помогли. Ведь его дни проходили одинаково. Разбор писем, написание писем своей возлюбленной, которой он даже не мог позвонить. Наверно, до появления Дрисса, ему не хотелось даже жить.  Омар Сай сыграл прекрасного человека по имени Дрисс. Именно Дрисс научил Филиппа смотреть на мир другими глазами. Глазами оптимистичного человека, который даже в инвалидном кресле может надеется на лучшее. Он, на фоне чопорных богачей, смотрелся правдиво. Он был настоящим, без маски культурного человека, который так похож на других. Он был из простой семьи, в которой, пусть и жестокие законы, но правильные, которые учат жизни. Не стоит боятся людей, который были в тюрьме. Возможно, в них есть что-то человеческое, как в Дриссе. Он смотрел на мир глазами оптимистичного человека.   Работа режиссера была великолепна. Красивые пейзажи, так хорошо было все показано. Просто чудесно. В особенности очень запомнился полет с парашютом и езда на машине в начале и в конце фильма.   Музыка радовала слух. Такая спокойная, она подходила к каждому моменту, в котором играла. В особенности музыка Ludovico Einaudi – Fly послужила бы отличным саундтреком к фильму.   Фильм чудный, удивительный, добрый, искренний. Его стоит посмотреть всем. Это правда жизни. Мотивирующий фильм и мотивирующие герои. Очень жаль, что этот фильм не был номинирован на Оскар. А было бы лучше, чтобы он вообще его получил.   'Неприкасаемые' заслуживает бурные аплодисменты!  10 из 10 ;2012-03-03T01:04:00
1+1 (2011);+;Добрая история;'Друг – это одна душа, живущая в двух телах'  Аристотель   Поистине добрая и довольно необычная история, экранизированная дуэтом режиссеров Оливье Накашом и Эриком Толедано. Мир, показанный в '1+1' или, если переводить дословно - 'Неприкасаемые', показывает нам Францию во всей ее красоте. Ночные виды и улицы завораживают.   Подобные истории всегда приносили эстетическое удовольствие. И в данном фильме, где бюджет не играет роли, где кассовые сборы зашкаливают, мы видим добрую, поистине красочную историю двух, вроде бы разных, но таких похожих людей. Актеры, как-никак лучше, вжились в свои роли. Порадовал, также, и музыкальный аспект данного фильма.   Друг всегда познается в беде, и в фильме данный афоризм раскрывается, как нельзя здорово. А уход за людьми, тем более имеющих, тот или иной недуг, всегда тяжелое бремя. Дрисс - обычный парень с района, который не имел в себе ни капли пафоса и 'дурной' правильности. Он относился ко всем вещам намного проще, чему и научил Филиппе.   Картина Intouchables, как крепкое французское вино с приличным сроком выдержки, таким фильмом надо наслаждаться. Данное кино не о каждом, но для всех. ;2012-03-24T05:55:00
1+1 (2011);+;Лучше один раз увидеть, что бы потом 100 раз пересказать.;Есть фильмы после просмотра которых, появляется ощущение, что это далеко не последний просмотр. У меня такое ощущение появилось сразу же после титров «1+1». Никакого напряжения, тяжести, всё сделано очень легко и не навязчиво, смешно, тепло и по-доброму. Чувственно, эмоционально и ярко. С хорошими актёрами, отличной режиссурой, и замечательным саундтреком. Не буду трогать ни одного момента из фильма, что бы не портить ваше первое впечатление от просмотра, я бы даже не стал вообще хвалить данный фильм, что бы у вас было приятное ощущение сюрприза, но так как, уже много всего хорошего сказано, не хочется сдерживать и себя.   Мне этот фильм напоминает очень складно и эмоционально рассказанную трагикомедию. Рассказчик настолько хорош и любит свою работу, что от его слов сложно оторваться, забывая на время о времени. Он заставляет всех смеяться, кивать головой смотря друг на друга, ведёт диалог о справедливости, уникальности, мочит шутёхи над которыми сам и смеется, но при этом, он не забывает о тонких поворотах к грусти, но только для того, что бы в конце сказать: «И всё у них было хорошо. Они и по сей день являются хорошим и друзьями, и часто видятся».   Слушать такую историю хочется очень внимательно, а когда это ещё и фильм, то появляется желание стать на время губкой, что бы можно было впитать в себя всё информацию, и потом поделиться ей с теми, кто из-за своей невнимательности, почему-то упустили это кино. Конечно, сначала вам захочется пересказать некоторые самые интересные моменты, посмеяться с теми, кто в теме, и в конце всем вместе согласиться, что это действительно хорошее кино. Обидно будет только тем, кто его не видел, особенно тогда, когда они сядут наконец-то посмотреть на данное творение, и будут понимать, что многое самое интересное уже слышали, и это портит их просмотр. А что делать, зритель делиться всего на две категории, на тех, кто уже видел и тех, кто ещё не посмотрел. Всем приятного просмотра, а тем кто уже, хороших рассказов.   10 из 10   «Уже видел, но ещё не посмотрел второй раз». ;2012-04-24T12:48:00
1+1 (2011);+;Живи и радуйся жизни...;Отличная душевная трагикомедия.   Сюжет таков, богатый аристократ, в результате несчастного случая остался парализован и прикован к инвалидному креслу, так что ему необходим помощник. Но ему не нужно сострадание, жалость и сочуствие к себе. И только что освободившийся из тюрьмы простой и бедный парень - идеальный вариант. Они оба полны жизни и готовы к приключениям...   В основу фильма была положена реальная история французского бизнесмена и аристократа Филиппа Поццо ди Борго.   Фильм получился очень жизнерадостным и жизнеутверждающим, несмотря на ограниченность в действиях главного героя, ведь боль не отняла его разум, поэтому он не теряет чувство юмора и еще способен радоваться жизни. Ведь Жизнь - это единственная возможность получить наслаждение.   Стоит отметить отличную актерскую игру Франсуа Клюзе и комика Омара Сая, который добавил фильму обаяния и шарма, а приятная музыка настраивает на позитивный лад и дарит вам хорошее настроение.   Рекомендую к просмотру. ;2012-03-17T11:23:00
1+1 (2011);+;;Ночные улицы Парижа рассекает дорогой автомобиль, управляемый темнокожим молодым парнем. На переднем сиденье – немолодой мужчина с задумчивым лицом. Его взгляд устремлен вдаль, он погружен в свои размышления. Но на лице его легкая улыбка, а в уголках глаз играют маленькие морщинки. Темнокожий водитель смотрит на него и тоже улыбается. Звучит легкая, приятная музыка. И стираются преграды, разделяющие двух настолько непохожих друг на друга людей. И физические недостатки уже не причиняют боль.   Порой совершенно разные люди могут найти друг в друге что-то общее. Порой тот, кто раньше казался нам человеком из параллельной вселенной, оказывается ближе, чем самый родной и близкий человек. В определенных ситуациях наши различия – в социальном статусе, национальности, финансовом положении, образованности, - отходят на второй план. А главным становится неуловимое родство душ, интуитивные ощущения и эмоции. Простое человеческое общение становится важнее, чем любые заумные разговоры.   Фильм “Неприкасаемые”, или “1+1” (название, так и оставшееся для меня загадкой), не отличается, если подумать, большой оригинальностью. Подобные мотивы и сюжеты – дружбы двух разных людей под влиянием тяжелых жизненных обстоятельств, дружбы людей разного социального положения, - мы видели в кино уже не раз. Но приятная атмосфера, создаваемая режиссерами фильма, Оливье Накашем и  Эриком Толедано, а также отличная игра двух главных актеров – Франсуа Клюзе и Омара Си, делает этот фильм весьма оригинальным, свежим и интересным. Обаяние этих двух актеров – настоящее украшение картины. Фильм основан на реальных событиях, и его создателям, на мой взгляд, удалось сотворить очень жизненную, человечную, не преисполненную лишнего пафоса картину, в лучших традициях французского кинематографа. “Неприкасаемые” не представляют собой драму, а скорее приближены к жанру комедии, фильм не раз заставляет улыбнуться и даже рассмеяться.   Персонажи также получились очень жизненными и естественными – Омар Си, кажется, в принципе не играет, а живет своей ролью, а Франсуа Клюзо очень проникновенно передает душевную глубину своего персонажа и его желание преодолеть свой недостаток. Оба главных героя фильма меняются, находясь в тесном общении друг с другом, каждый из них обретает что-то новое, что-то важное, чего им не хватало раньше. Богатый аристократ Филипп в замечательном исполнении Клюзо, под влиянием своей непутевой “сиделки”- темнокожего парня из неблагополучного района Дрисса обретает интерес к настоящей жизни, выйдя из оболочки пыльных залов и отправившись на поиски ярких событий. Ну а Дрисс, в свою очередь, обретает некую стабильность – душевную и социальную, становится “взрослее” и учится многим новым для него вещам и явлениям.  Взаимное обогащение двух разных людей также сближает их, и рушатся последние невидимые барьеры между ними.   Так в чем же феномен фильма “Неприкасаемые”, прошедшего с огромным успехом не только во французском, но и в мировом прокате? Наверное, ответ на этот вопрос исключительно прост. Феномен этого фильма – в его доброте и человечности, которой так не хватает современному кино эпохи блокбастеров. Фильм рассказывает о, казалось бы, простых, но вечных вещах – о дружбе и любви к жизни, которые способны преодолеть любые преграды. ;2012-04-25T00:42:00
1+1 (2011);+;Добро;По-моему, одна из самых сложных тем, по которым можно снимать кино-это тема инвалидности. Я не говорю об инвалидности, как таковой, не о болезнях, или травмах, я имею ввиду жизнь этих людей. Был, например, великолепный «…а в душе я танцую», но еще какой-то внятный и не пошлый фильм на данную тему  я вспомнить не могу. Но сейчас он появился, и имя ему- «Неприкасаемые», или «1+1».   «Неприкасаемые» - это французский фильм режиссеров Накаша и Толедано, который стартовал в прокате в 2011-ом году( у нас в стране, правда, он запланирован лишь на конец апреля 2012-ого, но все желающие уже давно посмотрели его в сети). Фильм стал успешным в прокате, получил массу положительных отзывов, поднялся на высокие места в различных рейтингах, и в Топ-250( как американской, так и русской). Попробуем разобраться, чем очаровывает этот фильм, и почему он так притягивает к себе.   Во-первых, это фильм основанный на реальных событиях, который был снят при непосредственном участии главных героев. Кстати именно Филлип Поццо настоял на том, чтобы фильм получил комедийный уклон, он сказал: «В мире и без того полно зла и разочарования. Нужно давать людям надежду».   Во-вторых, та легкость восприятия, которую сумели добиться создатели фильма. «О серьезном, с юмором»- это то, что так привлекало в замечательном «Достучаться до небес». Ты понимаешь всю серьезность того, что происходит на экране, но на душе, в тоже время, легко и спокойно. Фильм чувствуешь, его понимаешь. Но не смотря на трагизм ситуации, при просмотре ни разу не возникает негативных эмоций. И даже возможные слезы в конце- это слезы счастья.   В-третьих, конечно, великолепная актерская игра. И Франсуа Клюзе и Омар Си для меня малоизвестные французские актеры, но их дуэт – без преувеличений, лучший дуэт 2011-ого. Их героям веришь, им сопереживаешь. С ними вместе ты проживаешь эти два часа.   Еще одним фактором успеха фильма я вижу потрясающий саундтрек и качественную операторскую работу. Музыка в фильме великолепна, а Вадпьед  так удачно подбирает кадры, так ловко играет с ракурсами, что фильм невероятно приятен для глаза.   Ну и последнее, друзья, как бы это странно не звучало, главный фактор успешности этого фильма-доброта. Да, доброта, которой пропитан буквально весь фильм, и которой так не хватает нам с вами в повседневной жизни. Самое могущественное, и в тоже время, самое недооцененное из человеческих качеств. Здесь же она повсюду, и это на подсознательном, на незримом уровне. Мы сами становимся добрее посмотрев этот фильм.  Мы не заметим этого, но обязательно когда-нибудь поймем.   9 из 10 ;2012-04-03T11:58:00
1+1 (2011);+;Друг — это выбранный нами родственник.;«Неприкасаемые» - новая, французская комедийная драма от режиссеров и сценаристов Оливье Накаш и Эрик Толедано. Мне не часто выпадает возможность посмотреть картины из репертуара французских кинематографистов, но так получается, что те фильмы, которые я все же посмотрю, они после себя оставляют только хорошие эмоции, впечатления и воспоминания. Фильм о крепкой и чисто случайной дружбе, всегда делают с фильмом и с очень эмоциональными зрителями нечто сказочное, после чего, это кино не может забиться или очень скоро вылететь из головы. То, что в Франции очень много темнокожих граждан, к этому все мы уже давно привыкли, вспомнить даже сборную франции по футболу. Лично мне, все равно, какой цвет кожи наполняет европейскую страну и тем более кто снимается в фильмах, для меня главное, чтобы люди были талантливые, как например главный герой этого фильма Омар Сай, парень, который очень хорошо выполнил свою роль простого, бедного паренька, который завязал крепкую дружбу с богатым, но в тоже время с очень больным человеком, для которого уже не существует самостоятельной жизни, и вряд ли она когда нибудь к нему вернется.   Дрисс - хороший, веселый, умный парень, который только что вышел из тюрьмы, и ищет себе роботу, чтобы скорее начать новую, свободную жизнь. Если бы я как нибудь проморгал этот момент, где говорят, что Дрисс бывший заключенный, я бы не поверил, ведь из самого начала, он мне очень понравился своим характером и чувством юмора, а юмора здесь не так уж и много. Я бы даже сказал, что Дрисс в этом фильме исполняет роль солнца, который ворвался в затуманенную и облачную жизнь Филиппа (Франсуа Клюзе), и подарил ему маленький, но все же светлый лучик надежды на то, что нужно жить на полную катушку, даже тогда, когда ты прикован к инвалидной коляске. В фильме хорошо показано, как человеческие отношения переходят из статуса роботы и принудительной опеки над человеком за деньги, к крепкой дружбе и настоящей человеческой заботы. Фильм основан на реальных событиях, и главные герои этого фильма сейчас живи и здоровы, и что самое главное, они не перестают общаться. История действительно требует внимания, и я ни чуточку не удивляюсь, что по ней сняли очень хорошее кино, которое просто не может оставить Вас быть безразличным к нему.  9 из 10 ;2012-03-03T19:45:00
1+1 (2011);+;Зацепило… Сильно зацепило!;"Принципиально не смотрел французское кино. Думал, что французы способны только на малоинтересные амуры... Но тут вижу фильм '1+1', который занимает шестое место в рейтинге (на данный момент) КиноПоиска. Естественно, решаюсь ознакомиться. Что сказать? Я в восторге. Это просто шедевр! Тем более, это кино основано на реальных событиях, что очень мне нравится. Смотреть всем!   В центре сюжета аристократ-паралитик Филипп, ставший инвалидом после того, как разбился на параплане. Он нанимает себе помощника, которого зовут Дрисс. Вскоре между ними завязывается крепкая дружба... За таким кратким сюжетом, на первый взгляд, скрываются глубокий смысл и драматичность. Филипп - несчастный человек, у которого есть деньги, дочь, слуги, но он страдает, так как у него парализовано практически всё тело. Можно понять, что до Дрисса у него были уже помощники, которые не оставались надолго. Дрисс также несчастливый человек: живёт в квартире, где помимо него обитает ещё n-ное количество детей и его мама. Изначально ему не нужна была работа - он хотел получить отказ для того, чтобы продолжить получать социальное пособие. Но наш добряк настаивает, чтобы он попробовал...   Фильм основан на реальных событиях. Такие картины я сразу уважаю. Особенно хвалю, если всё изображено достаточно правдоподобно. Так вот, я не был свидетелем тех событий, происходящих с Филиппом, не есть свидетелем их дружбы, но вот почему-то я уверен, что Франсуа Клюзе и Омар Си отлично сыграли настоящую крепкую дружбу, которая пробирает до слёз. Сами создатели отлично изобразили атмосферу вокруг Филиппа и Дрисса; прислугу Филиппа также показали с хорошей стороны - такие верные, добрые, честные и смелые люди - было даже завидно этому старику за таких друзей!   Хочется отметить, что у кино неплохая музыка. Да, именно эта мелодия, которая прозвучала в начале фильма, присутствовала до конца. Может, большинство вообще не заметили этой мелодии, но меня она очень зацепила: она прибавляла грусти. Когда она звучала, чуть не прослезился (чуть!).   Жанр фильма - не только драма, но и комедия. Кажется, что создатели хотели отвлечь нас от основного забавами Дрисса. Но лично мне кажется, что это всё наоборот прибавляло драматичности. К примеру, он танцует, потом начинают танцевать все, а Филипп сидит и улыбается так, будто вот-вот заплачет. Да и сам Дрисс веселится, а я прям чувствую, как ему грустно на самом деле. И таких моментов очень много...   Конечно же, мне понравились актёры, как вы уже поняли! Эти французы очень меня зацепили. Франсуа Клюзе отлично сыграл инвалида, у которого всегда улыбка на лице, а в душе - слёзы. Я ему поверил - его было жалко, я хотел, чтобы он наконец-то стал счастливым. Омар Си великолепно сыграл его весёлого друга, который кардинально изменил его жизнь, дал ему нечто новое, помог ему в личной жизни, заставил улыбнуться. Также понравились Анн Ле Ни, сыгравшая Ивон, и Одри Флеро, которая сыграла Магали. Они тоже заставили меня поверить в их искренность, дружбу, нравственность, любовь к Филиппу. Молодцы!  '1+1' - это фильм, который зацепил меня. Это кино, которое доказывает нам, что самое важное в жизни здоровье, дружба и любовь, а не деньги и власть. Рекомендую ценителям качественного кино, а не любителям крови и экшена. Многие увидят здесь что-то особенное, новое, прекрасное! Настоятельно советую ознакомиться с этим фильмом. Вы не пожалеете! Моя оценка  10 из 10 ";2012-04-23T21:43:00
1+1 (2011);+;;Обстоятельства. Вещи, которые неподвластны изменениям со стороны любого человека. Происшествия. Сценарии способны изменяться ежеминутно, подвергаясь трансформациям как лично, так и с помощью течения времени. Один миг может разрушить все, кардинально преобразовать, а несколько поворотных ходов – это уже отрицательная тенденция, закрадывающаяся в самое нутро. Теперь она будет всяческим образом мешать спокойно существовать, не активируя уже действие глагола “жить”.   Такие различные во всех аспектах типажи, но несколько сходные в своем противоположном положении. Истинный белокожий француз с лицом Франсуа Клозе, у которого есть миллиарды в своих активах, счета в банке, настоящий дворец, а не дом, слуги, сотрудники, что носятся вокруг тебя. Зато во всем остальном этот человек абсолютно нефункционален, чувств практически не осталось, от плечевых суставов до самых пят ничего не работает – виной всему трагедия. И нет уже давно рядом любимой жены, которая несправедливым образом покинула Филлипе, теперь только и остается, что поддерживать себя положительными мыслями, которые удается с трудом черпать откуда-то из потаенных отсеков своего мозга и ежедневными обязательными упражнениями не дать своему телу засохнуть.   По другую сторону находится чернокожий парижанин, имеющий весьма запутанную историю с собственным усыновлением, смутным детством, конфликтами, непониманием. Большой парень, привлекавшийся за различные нарушения, имеющий явные проблемы с законом, не ладятся также у него отношения с матерью и со всей семьей, состоящей из множества детишек. Да, у этого человека есть здоровье, но нет остального, что хоть как-то согревало бы существование, и дело здесь, прежде всего в чувствах. Дрисс в исполнении Омара Сая во многом виноват сам, но никто не заслуживает быть лишенным крова.   На стыке противопоставлений Оливье Накаш и Эрик Толедано сводят истории Филлипе и Дрисса в единую точку, заодно создавая жанровую палитру из драмы и комедии. И получается, что зритель может с помощью смеха сквозь слезы наблюдать за историей, полнящейся гаммой чувств. Развития отношений, воспоминания прошлого, нынешние заботы беспрерывной пульсирующей линией проходят через ухаживания и заботу Дрисса за Филлипе. Привыкший жить на одних только пособиях крупный чернокожий юноша и имеющий огромное состояние белый, не способный хотя бы как-то все это пощупать.   Эта картина очень показательна в плане взаимоотношений и демонстрации стойкости человеческого духа. Помощь, соединение двух личностей в необходимый момент служит подобием бальзама, когда разные поколения становятся единым целым, где один думает, а другой передвигается. Немного примитивный, но искренний юмор, пропитанный человечностью и глубиной, не дающий заполнить все пространство трагедией и грустью от безысходности, которая, тем не менее, обволакивается теплыми лучами солнца. Все это “Intouchables”. ;2012-03-11T21:25:00
1+1 (2011);+;Фантомная боль;У этого парня большие проблемы   он дерево, поющее дерево,   да еще и на немецком (с)   Картины о дружбе между богатыми  и бедными людьми, физически развитыми и немощными, будут волновать людей всегда. Но успеха, которого смогла достичь маленькая французская картина «Intouchables» не ждал никто. Фильм не только собрал внушительные деньги в прокате, но и удостоился  положительных откликов, как от критиков, так и от зрителей. Как поведет себя картина на российской земле, сможет сказать только время.  Филипп  – богатый аристократ, пострадавший в результате несчастного случая, нанимает себе в помощники самого не подходящего для такой работы человека по имени Дрисс только освободившегося из тюрьмы. Похоже, что Филипп пресытился жалостью и сочувствием к самому себе, и то, что новый работник относится к нему без лишних сантиментов,  как к здоровому человеку, вполне его устраивает, и, несмотря на все недомолвки и проблемы они постепенно становятся друзьями.  Оливье Накаш и Эрик Толедано сняли красивую и  правдивую историю о двух людях, которые  могли  бы никогда и не встретиться.  Режиссура фильма идеально проработана. Накаш и Толедано в первую очередь дают возможность выйти на первый план истории  актерам, а второй план отдают саундтреку и операторской работе.   Написанный ими же сценарий очень точно подмечает все то, на что большинство людей, просто не обратили бы  внимания. Тем самым выводя обычные проблемы на более высокий нравственный уровень. Юмор, которым буквально пронизан весь фильм, понятен любому зрителю вне зависимости от возраста.  Франсуа Клюзе и Омар Си создали на экране дуэт, в который начинаешь верить с первых кадров. Они настолько ярко и органично отыграли своих персонажей, что после завершения картины становится грустно и незамедлительно хочется увидеть продолжение картины.  Людовико Эйнауди - волшебный композитор. Он смог так органично смешать в картине классическую и современную музыку, что ею просто наслаждаешься, не вдаваясь в подробности, к какому жанру она относится.  «Intouchables» - невероятная для нашего времени лента, доказывающая, что в мире еще остались люди, способные воспринимать не только спецэффекты и 3D технологии, но и обычные человеческие чувства. ;2012-03-31T00:48:00
1+1 (2011);+;;Свежий представитель из направления «вдохновляющего» кино неожиданно для многих ворвался на верхние строки международных кассовых сборов, и постепенно покоряет прокатчиков разных стран. Подобные картины не являются редкостью для кинематографа, и время от времени встречаются работы различных режиссеров, которые покоряют зрителя своей жизненностью и близостью проблемы.   Режиссеры Оливье Накаш и Эрик Толедано спустя много времени совместного труда таки сумели снять картину «1+1», или же в переводе с оригинала «Неприкасаемые», которая, по всей видимости, привлечет внимание многих к их персоне. Авторы мудрить не стали, и собственно нового ничего данной работой не сообщают зрителю – есть прикованный к инвалидному креслу богатый аристократ, и скептически настроенный на работу посиделки герой Дрисс.   Но авторы помимо своей интерпретации реальной истории из жизни еще и воплощают на экранах притчу, ненужной которую в данном фильме и не назовешь. Оба героя не скрывают необходимость друг в друге, у Филиппа есть ум, богатство, эстетический вкус и другие возможности, у Дрисса есть все то, чего первому никогда не приобрести, здоровье и возможность жить полноценно.   Наши герои за два часа экранного времени любезно развлекают зрителя неплохими шутками, попадают в различные смешные ситуации, тем самым дав понять, что картина «1+1» лишена навязчивой сентиментальности и сопливости. Отводя, время от времени, веселый тон повествования, авторы иногда делают перерыв на необходимые размышления зрителя, но не превращают свою историю в акт соболезнования и сострадания.   Хоть и моментами картина кажется наигранной и порой затянутой, в целом это хорошая работа для тотальной релаксации во время просмотра. Ищущие легкие для восприятия картины, фильмом «1+1» разочарованными не станут.  8 из 10 ;2012-03-11T23:44:00
Список Шиндлера (1993);+;Не все люди - люди;Спилберг славится своим профессионализмом, а чаще всего – это фильмы военной тематики, что я очень и люблю.   Я задаюсь вопросом, как это можно было допустить? Почему одна нация доминирует над другой? Неужели нельзя жить дружно и мирно? Война – огромная ошибка человечества. Само слово «война» звучит жутко и страшно.   'Список Шиндлера' рассказывает историю о том, как один человек мог все изменить и спасти множество еврейских жизней в условиях нацистской оккупации. Этот фильм также позволяет нам задуматься над вопросами героизма, морали и человеческой сострадательности в самых тяжелых ситуациях.   Спилберг и его работа в области военной тематики действительно заслуживают признания за то, как они помогают сохранить память о прошлых событиях и учат нас уважать и ценить жизни людей, независимо от их национальности и вероисповедания. 'Список Шиндлера' остается важным произведением и памятником жертвам войны.   Этот фильм можно бесконечно нахваливать и говорить, как он крутой, поэтом я считаю – это истинное произведение искусства в кинематографе. Оскар Шиндлер, сыгранный Лиамом Нисоном, стал для меня символом сопротивления пропаганде и всеобщей ненависти, и конечно же, героем.   Фильм вызывает мощные эмоции и побуждает к размышлению о страшных аспектах войны. Спилберг показал нам какие бывают люди бесчеловечные, и на что они готовы идти. Важно сохранять память о таких событиях, чтобы учиться на их ошибках и стремиться к миру и гуманности.   10 из 10 ;2023-09-22T20:43:00
Список Шиндлера (1993);+;Великой памятник великой трагедии;Я просто не могу уместить в голове, как Спилберг смог снять такой тяжёлый фильм в один год с Парком юрского периода...   Фильм рассказывает о немецком предпринимателе Оскаре Шиндлере, вполне лояльного к политике нацизма, но по ходу сюжета переходящего от слов 'Война это большая удача для бизнеса', к словам 'Если мой завод выпустит боеприпас, которым можно стрелять, я буду расстроен'.   Лиам Нисон блестяще исполнил главную роль. При просмотре фильма я не мог не поразиться тому, как изначальный блеск в его глазах и жажда наживы, сменяются скорбью и неутолимым желанием спасти людей, которых он изначально воспринимал как дешёвую рабочую силу. Но больше всего в 'Списке Шиндлера' вызывает эмоций Рэйф Файнс. Великий актёр, который после исполнит роли кучи запоминающихся негодяев, тут невероятно пугает и отвращает.   Обыденность, с которой его герой Амон Гёт творит зло, вызывает ужас во многом по тому, что все его дела, не выдумки сценариста, а вещи которые действительно произошли в реальности.   Пересказывать сюжет не имеет особого смысла. Он простой и не вызывает каких-то глубоких вопросов, но ужас и скорбь, которые он поселяет в душе, останутся со зрителем надолго если не навсегда.   Этот фильм, как и почти все фильмы о холокосте, не может и не должен подлежать какой либо оценке. Это памятник страшнейшей странице в истории мира. ;2023-08-27T22:46:00
Список Шиндлера (1993);+;О самом значительном фильме Стивена Спилберга;Фильмография Стивена Спилберга насчитывает большое количество лент, которые так или иначе примелькались в жизни каждого из нас. Самой первой его большой лентой стал фильм 'Дуэль', в центре которого одна большая погоня с грузовиком, которую режиссёр нагрузил изрядной порцией смысла и метафор, будучи ограниченным в бюджете и локациях. В девяносто третьем году Спилберг выпустил две ленты, которые тепло приняли зрители, - Парк Юрского периода по Майклу Крайтону, ставший началом большой франшизы про динозавров, и личное режиссёрское откровение, возвращение к своим национальным истокам, большую ленту о судьбе еврейского народа в период глобальной катастрофы двадцатого столетия - Второй Мировой войны. Уместным будет упомянуть термин 'Холокост', которым обозначают гонение и преследование любого еврея, от детей до стариков. В качестве материала для фильма были выбраны мемуары об Оскаре Шиндлере и списке его рабочих, ставший шансом на спасение для множества семитов. Далее поделюсь с вами впечатлениями от увиденного и некоторыми мыслями по этому поводу. До чего же не терпится начать!   Повествовательный критерий или нарратив. Жил да был Оскар Шиндлер - преуспевающий фабрикант, развивающий свой бизнес по созданию посуды и в силу своего успеха близкого к высоким чинам Вермахта. Но в сложное для страны время он наращивает темпы производства и начинает переоборудовать свою фабрику для нужд фронта. Для полной адаптации его бизнес идеи к реалиям не хватало только толковых рабочих, а таковые нашлись только среди евреев, поскольку себестоимость поляков сильно выше, а в профессионализме евреям даже уступят, поэтому проще сэкономить. Но о бизнесе только в первой трети ленты. Тон повествования меняется, когда в городе появляется Амон Гет. Преданный фюреру до мозга костей, жестокий без причины, когда пострелять людей с утречка это такой способ зарядиться бодростью, как для нас выпить кофе. Даже сам Шиндлер - фигура противоречивая. Авторы отрицательных мнений настаивают на том, что история приукрашена и она достойна более документального воплощения. Но это художественное кино, и некоторое искажение действительности в сторону художественного замысла приветствуется, если это хоть сколь-нибудь серьёзно оправдано. Третий акт фильма - самый сильный, ведь именно здесь он противостоит бюрократии и защищает своих рабочих, ведь ни одно дело невозможно довести до конца без квалифицированной рабочей силы. Также именно в третьем акте происходит самая проникновенная сцена в фильме, на мой взгляд, когда Шиндлер со слезами на глазах произносит речь-покаяние и со слезами на глазах просит прощения. Тут сам пустил слезу. Главный посыл этого фильма - мы никогда не должны это повторить. Прости, Шиндлер мы всё про...   Визуальный критерий или техническое сопровождение ленты. Здесь следует отметить великолепную режиссуру Спилберга, который вместе с оператором Янушем Камински проработали визуальную стилистику ленты, и было принято решение работать с чёрно-белым кадром, поскольку о Холокосте на территории США практически никто не знал, и Спилберг выступил некоторым просветителем. Особую прелесть представляют редкие цветные мизансцены, которые здесь работают на чувство страха, плюс чисто визуально обращает на себя внимание, поскольку где-то на уровне психологии в монохромном мире мы будем тянуться к чему-то яркому. Концлагеря также на вид устрашают. Все эти элементы работают на создание правильного эмоционального посыла. Также стоит отметить музыкальное сопровождение. Джон Уильямс написал потрясающие темы, особенно эмоционально они звучат в третьем акте, который готовит зрителя к кульминации. Каждая мелодия достойна попадания в ваши музыкальные коллекции.   Актёрские работы достойны похвалы. На самых знаковых ролях выступают британцы. Лиам Нисон здесь выступает в совершенно неожиданном образе, поскольку последнее время он светился на экранах в качестве боевого пенсионера. Здесь же он играет неоднозначного персонажа, в котором своей статью добавляет ему благородства, особенно если камера выхватывает ракурс актёра в профиль. Андрей Мартынов дал голос Шиндлеру и хорошо попал в создаваемый на экране образ. Сэр Бэн Кингсли сыграл Ицхака Штерна, который, как отмечали в других источниках 'является совестью Шиндлера' и это лучшее из определений этого героя. Голос Алексея Борзунова вписался в этого персонажа идеально. Амон Гёт - то, зло которое пугает тем, что стало обыденностью. Отношения с главным героем как будто товарищеские, но хочется надеяться, что у них было незримое противостояние разных восприятий еврейского народа. Эмбет Дэвидц в роли Хелен Хирш здесь персонаж второстепенный, но вокруг неё строится любовная линия.   В качестве вывода. Величие данного фильма оспаривается и ставится под сомнение, но его ценность именно в том, что несмотря на спорность личности, о которой лента снята,   посыл важен и актуален во все времена - мы должны жить в мире. Сейчас не очень получается, и от этого печально. Сложная военная драма о человеческих чувствах и подвиге, который помнят не только тысяча сто спасённых евреев, а вообще все. Рекомендую к знакомству, чтобы иметь представление о Холокосте, насладиться действительно 'большим' фильмом, где таковыми являются и посыл, и визуал, и общее звучание. Всем здоровья, мира и хорошего кино! ;2023-06-07T23:08:00
Список Шиндлера (1993);+;Спасая одну жизнь - ты спасешь весь мир, а спасая тысячи жизней...?;Всем давно известно, что Спилберг снимает одни из самых качественных фильмов, а что касается военной тематики – это у него отдельное искусство. Один из лучших военных фильмов «Список Шиндлера». Война – ужасное, что могло бы вообще существовать, и даже не само слово страшное. Жертвы, страх, разрушения – это все ассоциируется с войной. В нашей истории было очень много войн, в которых страдали невинные люди, и этот фильм тому подтверждение. Немцы нанимали евреев в рабство, а тех, кто их не устраивал – расстреливали или сжигали. Спилберг и его герой Шиндлер оказался не просто героический персонажем, а человечным. Не стоит забывать, что пережили наши предки, через что они прошли и как они выживали в буквальном смысле этого слово.   Фильм основан на реальных событиях, довольно тяжёл к просмотру, но очень сильный и достойный. Не устану хвалить Спилберга, как ему удаётся это все передать... Да, фильм чёрно-белый, но это добавляет реалистичность и всю ту атмосферу, которая происходит в фильме. Как же круто режиссеру удаётся передать характер героев, и не важно, это были немцы или тот самый Шиндлер. Сцены просто завораживают, аж до дрожи. Это не просто фильм, а документальная лента о трагическом геноциде народа.   Лиам Ниссан очень хорошо справился со своей ролью. Но Рэйф Файнс... Сыграть человека так, чтобы аж сам актер стал отвратительным для зрителя - вот это мастерство. Так сможет далеко не каждый. Да, здесь нет экшена, каких-то сверхъествственных кадров и эффектов. Фильм основан на реальных событиях и этим все сказано. Актёры максимально правдоподобно играют, нет переигровок и лишних диалогов, от которых тошно становится. Актёры передали максимальную атмосферу Второй мировой войны.   Ну что по итогу можно сказать… Фильм достоин внимания, и я считаю, что такие фильмы нужно смотреть, дабы знать, через что прошли наши предки, чтоб сейчас мы жили как живём. Главная цель этого фильма – нужно поступать по-человечески ко всем, чтобы этого не стоило, и кем бы ты не был. ;2023-02-23T11:34:00
Список Шиндлера (1993);+;Прекрасный фильм о ужасной катастрофе;Список Шиндлера выглядит старомодно. И, пожалуй, величественно. Некоторые из сцен этого фильма оставляют тебя с таким же впечатлением, с  каким оставляли особенно удивительные страницы учебников по киноискуству. Я раза три останавливал фильм, просто чтобы найти только что увиденную сцену на ютубе, восхитится ей и отослать всем своим друзьям (как, например, ту во всех смыслах музыкальную сцену с пианино).   Этот фильм действительно очень большой. Он начинается как авантюрное кино, почти как приключенческое и потом, совершенно справедливо, превращается в страшный кошмар. Пугающий тебя по-настоящему, пугающий одним только фактом трагического расчеловечения, приведшего к геноциду.   Об этой страшной теме Спилберг говорит не приторно. Именно это для меня определяет 'Список Шиндлера' как великое кино, способное на многообразие эмоций, а не на банальное нагнетание грусти под печальную скрипку. Это фильм об очень страшном, но этот фильм не целиком страшный. В этом фильме много красивого, но ничего - пустого. Нет претенциозного эстетствования: ни в сценарии, ни в постановке. И это сильная работа. ;2022-10-30T03:54:00
Список Шиндлера (1993);+;Нет слов.;Просмотрел этот фильм буквально 5 минут назад, перед моментом, как решился написать небольшой отзыв.   Он будет действительно небольшой, ибо я в растерянности.   Я не знаю, что сказать. Но одна мысль, которая, как мне показалось, была бы верной - такие произведения критике не подлежат. Такие произведения должны быть в списке обязательных для каждого, кто живёт на этой планете.   Я мог бы отметить, что фильм с чисто кинематографической точки зрения снят потрясающе. Драма, которой я не видел равных, очень аутентичный выбор черно-белой съемки, актёры, которым веришь, потому что им невозможно не поверить, вплетение, казалось бы, неуместного, но очень правильно подобранного юмора - всё это детали, которые, в сути, меркнут, по сравнению с той общечеловеческой значимостью, которая вложена в этот фильм. К этому добавлю важную деталь. Я посмотрел отзывы своих коллег-киноманов, и некоторые упрекали его за 'скучно'. Я соглашусь с ними. Такой фильм нужно выдержать. Выдержать факт того, что весь тот ад земной, что был тут показан, был не экшном, а просто статистикой.   О чём он?   В двух словах на личном примере:   В детстве, когда я ездил в некое подобие пионерского лагеря, наш вожатый сказал фразу, которую я запомнил на всю жизнь:   'Главное, ребятки, что бы ни произошло - оставайтесь людьми.'   Он о том, как при, казалось бы, несравнимо ужасных обстоятельствах, всё же остаться человеком.   Не хочу это оценивать.   Права такого не имею. ;2022-10-11T03:12:00
Список Шиндлера (1993);+;Спасти одного - спасти всех!;Легендарная драма Стивена Спилберга о реальном герое времён Второй мировой войны в год выхода в прокат сорвала бурю аплодисментов у зрителей и кинокритиков, собрав ощутимую сумму кассовых сборов и россыпь самых разнообразных кинонаград. Таким образом, всё мировое киносообщество единогласно воспевало морально-этическую и военно-историческую значимость ленты, которая широкомасштабно и не спеша осветила крайне животрепещущую историю.   Очень жаль, что Лиам Нисон, исполнивший главную роль в картине, не получил главные награды киносезона 1994-го года, ведь он поистине уникально, профессионально чисто и по-человечески вдумчиво изобразил на экране образ полузабытого героя, который, сам того не понимая, в начале своей предпринимательской деятельности на территории оккупированной Польши фактически напрямую стал помогать еврейским беднягам избежать жесточайшей для них участи посредством устройства их на работу на своё предприятие. Конечно, и Рэйф Файнс был достоин самых высоких кинонаград за свой злодейский перформанс. Его 'гестаповец' первым делом с утра идёт не в туалет по малой нужде, а на балкон к винтовке, чтобы обстрелять неработающих, откровенно, как он считает, прохлаждающихся евреев в его 'личном' концентрационном лагере. В общем, весь актёрский состав фильма изумительно справился со своими творческими задачами, продемонстрировав на киноэкране по-настоящему живых персонажей.   Как итог, 'Список Шиндлера' - это культовое и вне всяких сомнений шедевральное кинематографическое произведение, которое рассказывает умопомрачительную историю спасения существенного числа представителей регулярно притесняемого еврейского народа, которое было осуществлено одним богатым немецким промышленником. Ради этого он шёл на огромной риск потери своих несметных денежных средств, да и в принципе, ставил свою жизнь на смертельный кон.   'Когда уже это всё закончится?' - так говорит один из эпизодических героев великого шедевра Андрея Тарковского - 'Иваново детство'. И конечно, ужасы самой кровопролитной войны в истории человечества не передать словами. Война всегда обличала людей, выводя на свет правду о каждом из них. Ведь в действительности человеку лишь нужно негласное разрешение на тот или иной поступок, на тот или иной комплекс действий. Разрешаете бесчинствовать, высекать 'неверных' и убивать невинных? Спасибо! Я ждал этого всю свою жалкую жизнь. Так думают люди, которые слишком долго позволяли внутренним демонам держать главенство над своим разумом. Но есть (и всегда были) и другие люди. Те, которые даже в самые плохие времена не отступят от правильных взглядов. Они готовы идти до конца в спасении всех и каждого как на полях сражений, так и в повседневной жизни. Так будьте же и вы таким Человеком! И вместе истинное Человечество справится со всеми бедами! ;2022-06-23T11:13:00
Список Шиндлера (1993);+;Памяти бесчисленных жертв Второй мировой нет и не будет конца.;Эта война – невиданная дикость. В XX веке, когда уже появилось кино, автомобили, когда библиотеки стали общественным местом, во главе политической конъюнктуры встали нацисты, идеологию которых не в состоянии понять адекватный, разумный человек. Им было мало Иисуса, Маркса, Пруста, Ботвинника, Эйнштейна, Гершвина, Фрейда, Спинозы и множества других гениев этой расы – для нацистов они полулюди и унтерменши, не достойные существования. Шкурные интересы меньшинства, закомплексованность карикатурных Гитлера и Геббельса, неважно. Для всего мира, не только для евреев, ничто не послужит оправданием за то, что последних, да и любых других неарийцев, убивали просто так, как животных на бойне. Цивилизация проиграла в 1938 году в Мюнхене, но отдуваться за нее пришлось не политикам. И до сих пор люди вспоминают те страшные годы. Их, наверное, и невозможно забыть. Слишком много хранится в памяти даже спустя десятилетия, и история не умолкнет в священной обязанности передавать из поколения в поколение зверства предшественников. Никогда.   Истории максимально повезло иметь такого посредника, как Стивен Спилберг. Искусный мастер режиссуры и апологет блокбастерской эпохи, он всегда хотел, чтобы его фильмы смотрели все, а не только интеллигенция/толпа. Еврей по национальности, он мог экранизировать эпопею Оскара Шиндлера со слов контрабандиста Полдека Пфефферберга с долей личного причастия, не оставаясь эмоционально в стороне. Конечно же, он снимал конкретную историческую драму про конкретного бизнесмена-героя, спасавшего конкретный народ, из воспоминаний конкретного человека. Она получилась не совсем достоверной, местами стереотипной и кого-то тем самым оскорбляющей, играющей на эмоциях зрителей в убыток фактам. Но благодарный низкий поклон режиссеру стоит отдать за то, что, имея огромные денежные ресурсы и авторитет, он не останавливается на производстве яркой фантастики и собственноручно творит бесценный памятник Второй мировой, а затем знакомит с ним свою публику – весь мир. И сколько человек узнало про Холокост, про подвиг магната-посудника… Большое множество. Кино смотреть – не учебник читать, но порой оно тоже способно образовывать.   В фильме Спилберга практически нет цветов и красок. Ведь невозможно воспринимать “Список Шиндлера” иначе. Невозможно любоваться гламурностью первой вечеринки, посещенной весельчаком и кутилой Оскаром Шиндлером, пока за стенами краковского ресторана по всей Польше сгоняли меченых звездами Давида людей на улицы и в бараки. Жизнь остановилась в польском гетто, началась бюрократическая возня с переписями, каторгой и издевательствами “расово верных”. Ни одна другая попойка с певицами и последующий разврат не скрасят горечь потерявших все евреев, которым с кусками грязи бросают бессовестное: “Прощайте, жиды!”. Почему они не резвятся, как доморощенные офицеры-садисты? Почему они вынуждены скитаться по смрадным канализациям, чтобы сбежать от собак, и доставать апельсины через черный рынок? Спилберг и не пытается разобраться, это совсем не его дело. Ему гораздо важнее скрыть вал желтых повязок на соотечественниках, замазать фашистские кители серой гаммой. Невозможно видеть смерть в палитре, потому что не хочется давать ей оттенки современности – пусть она останется где-то там, во временах черно-белых пленок, как задокументированная правда. Только настоящий момент достоин быть расписан в краски. Прошлому достаточно свеч. Они будут гореть ярче трупного костра и пламени печей крематориев, как нескончаемые и вечные напоминания.   Но даже режиссер “Челюстей” и “Близких контактов третьей степени” не может выкинуть слов из песни. Он не в силах скрыть ужас обреченных на смерть, их растерянность перед ублюдком Амоном Гетом и прочими, которые только посмеются перед напуганными до поседения. И он не в силах скрыть кровь евреев. Когда-то та навеки высохнет в земле, траве, красном снегу, но сейчас, на экране, она не симулякр и ее много – и Стивен Спилберг не имеет права, как Хичкок, заменить ту сиропом и прикрывать взрывающиеся от казней головы с вытекающими струйками. Кровь не заслуживает цензуры. Однако пусть она также будет сливаться с оттенками военного мира, чтобы не слиться с красным пальтишком: быть может, тогда кто-то различит этот невинный символ надежды?   В фильме Спилберга властвует тишина. Ее иногда пытаются прервать звон падающей кастрюли, топот каблуков, выстрел из винтовки и эхо от него, осечки, смех, молитвы. Однако конец все равно предсказуем. Либо они истребят всех, и тогда некому будет шуметь, либо истребят их и наступят минуты молчания. Какой-то выбор должен осуществиться. Спилберг весь фильм склонял Шиндлера к списку. Несмотря на меркантильность и неприязнь, Оскар продолжал обходительнее относиться к собственным евреям, обеспечивая их работой, а не голодной смертью в концлагере. Он не брезговал на глазах свидетелей целовать “грязную” девушку и поливать из шланга еврейские вагоны, давать плененным напиться. Он с невиданной, дерзкой для того времени благодарностью относился к бухгалтеру Ицхаку Штерну – и разве теперь он забудет прошлое? Конечно же, режиссер картины многое утрировал, дабы открыто облагородить героя. Но что же он сделает в итоге? К несчастью, не вымышленным остался кошмар Холокоста. За пьяными вечерами и чемоданами рейхсмарок – толпы сгоняемых за “колючку”, трупные ямы, дезинфекция и печные трубы. Сколько их замолчало, сколько стало пеплом… Люди мира, на минуту встаньте. Не молчите. Сделайте выбор – вернуться домой людьми или убийцами, продолжить безумие или сделать хоть какой-то вклад во имя неподдельных добра, свободы и справедливости.   Мы должны помнить ужасы прошедшего времени, мы не имеем права забыть преступления гитлеровской Германии. И будьте уверены, Полдек, мы запомним ваше послание. Мы каждый раз, слушая музыку Джона Уильямса, будем оплакивать бессмысленную гибель миллионов ни в чем не повинных, попавших под бредни изуверов-нацистов. И память эта никогда не потеряет актуальность. Пройдут десятки, сотни лет. Никто больше не построит дороги из надгробий и через тысячелетие, не рассортирует часы, волосы и кольца, не отравит газом сотню-другую голых рабов. Не увернется от ударов условного Гета, уверовавшего в колдовство ради оправдания человеческих чувств. Уроки войны несут через поколения фильмы, подобные “Списку Шиндлера”. Их сняли много в России, во Франции, в США, везде. Но каждая отдельная эпопея воссоздает целостное полотно истории по-своему. Спилбергу же удалось своим лучшим фильмом показать, как в неадекватной среде, адском пире во время чумы не исчезают настоящие люди и на что они способны. Подобных Оскару Шиндлеру история знает не так уж и мало – дипломаты, священники, сами нацисты спасали простых граждан, не попадая под пули. Да, воины есть и в кабинетах. Пусть Гет и подобные ему бравируют дальше. Все равно ведь кесарю кесарево. А история, написанная победителями, выведенная в списки добра и жизни, запомнит тех, кто спас хотя бы одну жизнь, а вместе с ней – весь мир.   10 из 10 ;2022-05-11T12:20:00
Список Шиндлера (1993);+;Непревзойдённый шедевр даже спустя 30 лет;Из-за обилия отечественных фильмов о войне российский зритель нечасто задумывается о том, что иностранцы тоже умеют снимать стоящие картины о тех печальных событиях. Пожалуй, одной из самых известных среди них даже спустя почти 30 лет после выхода остаётся «Список Шиндлера».   Могу предположить, что многие этот фильм начинают смотреть из-за режиссёра Стивена Спилберга, но досматривают до конца ради истории. По-хорошему, такое кино нужно показывать подросткам на классных часах, посвящённых гуманизму и нравственному воспитанию. Ведь озарение может настигнуть даже самую «чёрную» душу, и к этому всегда нужно стремиться.   Не обращая внимания на то, что фильм довольно старый и чёрно-белый, мне бы хотелось сосредоточиться именно на сюжете. Холокост –тема тяжёлая и болезненная даже для тех, кого с евреями ничто не связывает. Поэтому те нечеловеческие условия и сумбурные истязания, которые были показаны в «Списке Шиндлера» не вызывают ничего кроме отвращения и безмолвных слёз.   При этом, знакомя нас с главным героем Оскаром Шиндлером, создатели представляют нам его в виде жадного до денег человека, видящего в пленных лишь источник дохода. Вероятно, так оно и было, но из-за этого возникает некоторое ощущение «провала». Нам не показывают, в какой конкретно момент отношение Оскара меняется… истинная причина остаётся туманной.   Сложно поверить, что до той роковой массовой расправы над евреями, перевернувшей его жизнь с ног на голову, он никогда не наблюдал за их страданиями и муками, пускай и в какой-то другой форме. Но в любом случае, что случилось, то случилось. И даже если его мотивы остаются не до конца понятны нам, ведь мы привыкли сопоставлять немцев того времени исключительно с аморальщиной и «вселенским злом», благодаря его решению были спасены больше тысячи жизней.   При этом он не действует импульсивно. Оскар прекрасно понимает, что спасти столько людей, руководствуясь исключительно эмоциями и благородством, невозможно. Именно поэтому он целенаправленно юлит перед вышестоящими и подкупает «нужных» людей.   Несмотря на то, что «Список Шиндлера» - художественный фильм, ощущение от него как от документального. Оно и не мудрено, так как сюжет основан на реальных событиях, но немалую роль в этом сыграла и чёрно-белая картинка без лишних звуков и надрыва. Ты как будто смотришь архивные записи, например, блокады Ленинграда. У меня возникло похожее ощущение, за что режиссёру отдельное уважение.   10 из 10 ;2021-12-11T11:17:00
Список Шиндлера (1993);+;Фильм об уроках, которые не следует забывать;О художественных достоинствах фильма  и его высочайшем гуманистическом посыле сказано немало. Центральная тема произведения – в любом, самом кромешном аду у каждого есть возможность не отделаться фразой «Я солдат, я просто выполнял приказ», а остаться человеком, пусть и рискуя жизнью, свободой, здоровьем, имуществом (для чего, конечно, требуется изрядное личное мужество), что подтверждает реальная история Оскара Шиндлера, нашедшая отражение в творении Спилберга.   Фильм поистине шедеврален, и добавить тут, пожалуй, нечего. Хотелось бы акцентировать внимание на одной из граней его смысловой составляющей, которая почему-то ускользает от взгляда критиков, хотя своей актуальности она не теряет и сегодня – напротив, начинает особенно остро восприниматься и играть новыми красками именно в наши дни.   Речь о том, как в фильме потрясающе показано, как постепенно открывались «окна Овертона», ведущие к погружению социума в инферно. Режиссёр мастерски изображает это штрихами, проходящими как фон для основного повествования. Вначале евреев обязали носить повязки со звёздами и запретили вести бизнес, заниматься определёнными видами деятельности. Прошло какое-то время – и их сгоняют в гетто, лишают собственности. И, наконец, следующий шаг – расстрелы, концлагеря и геноцид через газовые камеры.   История учит нас (и гениальное творение Спилберга прекрасно это иллюстрирует), что любая сегрегация людей по какому-либо признаку, любое ущемление их прав и дискриминация (пусть даже и не выглядящие поначалу алармистски) в конечном итоге всегда кончаются очень плохо – полноценным фашизмом, концлагерями с колючей проволокой, дружелюбными собачками и чадящими трубами крематориев.   И фильм как раз очень хорошо описывает механизм адаптации человеческой психики. На каждом из этапов пути к кошмару люди думают: на этом всё, хуже уже не будет, нужно только перетерпеть. Но на  каждом из последующих этапов становится ещё хуже, окно Овертона раскрывается шире. То, что казалось невозможным, немыслимым ещё какой-то год назад, становится нормой, воспринимаемой уже как обычный порядок вещей. И люди безропотно это переносят – если «лягушку варить медленно». Только они успевают привыкнуть, адаптироваться к одной ситуации, как она меняется к худшему – общее направление последовательного движения остаётся неизменным.   Если на первой стадии люди всеми правдами и неправдами пытаются получить заветную «синюю рабочую карточку», воспринимая её обретение как спасение, то уже на следующей стадии все эти аусвайсы обращаются в ничто. Потому что правил нет. Их произвольно меняют те, кто их в действительности устанавливает. И бессмысленно предаваться самообману и тщетным надеждам, что стоит только вписаться в новую нормальность, выполнить требуемые предписания, как-то приспособиться – и всё обойдётся. Нет, не обойдётся. Ключевая фраза в фильме звучит из уст Хелен Хирш:   «Чем больше я узнаю герра коменданта, тем больше убеждаюсь в том, что здесь нет никаких правил. Нельзя сказать: я буду соблюдать эти правила, и меня никто не тронет».   «Список Шиндлера» - поистине великий фильм, очень сильный и глубокий, заставляющий думать, затрагивающий многие философские вопросы и вечные темы, которые не потеряют своей актуальности никогда. Такие фильмы, несущие людям свет гуманизма, нужно смотреть и осознавать их смысл, чтобы никогда не забывать об уроках, усвоенных человечеством.   10 из 10 ;2021-11-21T12:14:00
Список Шиндлера (1993);+;Тот, кто спасает одну жизнь, спасает весь мир;Лучший фильм про угнетение еврейского народа во времена второй мировой войны, из тех, которые я видел. Решение Спилберга снять фильм черно-белым было отличным. Стивен Спилберг является величайшим режиссером, который снял не один десяток хороших фильмов. Но именно этот фильм является лучшим, как по мне с этим фильмом вообще мало что может сравниться. То, как до зрителя доносят всю ту боль и страдания, которые перенес еврейский народ.   Перейдем к сюжету. Действие всего фильма происходит в Польше во времена второй мировой войны. Немецкий бизнесмен Оскар Шиндлер прибывает в Краков, чтобы организовать фабрику. С помощью своего красноречия, Шиндлер быстро договаривается о все неувязках с немецкими военными. Видя плачевное состояние евреев, Оскар решает пригласить к себе на фабрику именно их, так как они готовы работать за меньшую сумму. И вот Шиндлер становится все богаче и богаче. Его бизнес приносит все больше прибыли. Заключение евреев из Кракова в концентрационный лагерь становится началом для эволюции Шиндлера. Оскар Шиндлер спас во время второй мировой, более 1200 евреев. Зная, что все это на реальных событиях, евреев становится жалко еще больше, которым пришлось пережить столько страданий и унижений.   Что касается актерского состава, тут меня впечатлила актерская игра сразу трех актеров. Лиам Нисон, он же Оскар Шиндлер. Лиам прекрасно показал себя в роли Оскара. Его персонаж понравился мне не сразу. Вначале он нейтрально относился к ассигнации евреев. Но ближе к середине фильма он осознает сложность ситуации и понимает, что может спасти человеческие жизни. И после этого отдает почти все свои деньги, чтобы спасти как можно больше людей. Бен Кингсли, он же Ицхаку Штерн. Ицхак являлся бухгалтером Оскара, и благодаря Ицхаку, было сохранено очень много жизней, как стариков, так и детей. Рэйф Файнс, он же Амон Гёт. Это один из моих самых не любимых персонажей из всех фильмов, просмотренных мною, а их более 2 тысяч. Рэйф так прекрасно справился со своей ролью злодея. Его персонажа при просмотре фильма возненавидели почти все, то, как он жесток по отношению к евреям. Это просто ужасно, все то, что он делал, я не понимаю, как человек способен вести себя, как он.   Саундтрек в фильме шикарен. Также хочу выделить сильнейшие диалоги, которые берут за душу. Стивен снял действительно культовый фильм, который является одним из лучших в своем десятилетии.   — Эта машина, — Герц мог бы купить машину… Зачем я ее оставил себе? Это же… Десять человек… Десять человек… Еще десять человек… Этот значок — два человека. Он из золота… Еще два человека. Они не дали бы мне двух, по меньшей мере — одного. Еще одного можно было бы спасти. Еще одного… Одного… За это… Я мог бы спасти еще одного, еще одного… И я не сделал этого… Я не сделал этого…   Это отрывок одного из последних диалогов в фильме, и он действительно берет за душу, отдельный респект Лиаму Нисону, за прекрасную актерскую игру, который в каждом диалоге выкладывался по полной.   Отличный фильм, который идет 3 часа, но это время проходит незаметно. Те люди, которые откладывали просмотр этого фильма, я советую вам посмотрите этот фильм при первой же возможности. Я уверен он вам понравится.   10 из 10 ;2021-10-13T01:39:00
Список Шиндлера (1993);+;;'Список Шиндлера' - это удивительный фильм о войне без самой 'войны'. Здесь нету никаких баталий, чрезмерного количества чернухи и тому подобного, но фильму этого и не надо, потому что он построен на диалогах и поступках людей, которые вершились в то время.   За три часа хронометража данной кинокартины, вы полностью прочувствуете всю горечь и нацистскую несправедливость того времени по отношению к евреям, потому что за это время вам детально покажут все этапы ухудшения их жизни. Из-за чего вы, по сути, сами 'проживёте' с ними этот этап, начнёте сопереживать им и, наконец, начнёте радоваться тому, что в наше время подобного отношения к отдельным 'ненужным' расам нет и никогда не будет.   Главный герой - Оскар Шиндлер прописан хорошо и у него есть постепенная эволюция как личности, от жадного бизнесмена до мученика. И хоть с исторической точки зрения эта персона не так однозначна, в художественном плане этот герой работает со зрителем хорошо, примерно также, как, например, Форрест Гамп, потому что из-за его поступков в фильме на него хочется равняться и в жизни.   А нужно ли что-то ещё рассказывать об этом фильме? Он жестокий, серьёзный, длинный, и я могу придумать ещё множество полу-отрицательных эпитетов для него, но его стоит посмотреть, просто чтобы прочувствовать эту реалистичную горечь от происходящего на экране с евреями и понять, что подобного, реального кино, уже давно не снимают. Чтобы под конец фильма понять, что это мы, люди, должны сами делать добрые и бескорыстные поступки для того, чтобы подобной 'горечи' в нашей жизни стало меньше и все мы стали жить хотя бы немного, но счастливее, чем не прекрасная мораль? ;2021-02-25T20:50:00
Список Шиндлера (1993);+;Триумф зла — бездействие доброго человека.;«Тот кто спасает одну жизнь – спасает весь мир»   Фильм покажет зрителю историю немца Оскара Шиндлера, ведущего бизнес во время второй мировой войны, о событиях происходивших в те времена с евреями и о том, как жизнь Шиндлера оказалась связанной с евреями.   Стивен Спилберг снял кино в чёрно-белом формате, хотя и фильм 1993 года, но такова была задумка режиссёра, и в ней на все 100% был смысл. Фильм пропитан эмоциями тех времён, с первых же минут зрителя переносит в былые времена, и вы не чувствуете какого-то дискомфорта от картинки, наоборот, вы получаете максимальное погружение в ту атмосферу.   Говоря про игру актёров Спилберг получил себе в распоряжение Лиама Нисона на главную роль – и тот отыграл бесподобно. За Шиндлером хочется следовать в каждой сцене, везде ищешь как он поведёт себя в диалоге с новым персонажем, Лиам Нисон по истине великолепный актёр. Другие персонажи были не менее впечатляющими, это не кино одного актёра, здесь можно импонировать многим, и ненавидеть других, очередной спасибо актёрам за столько великолепную игру.   Саундтрек фильма радует своей уместностью: он не нагружает так, что остаётся только музыка, но и не отсутствует там где он так нужен, казалось бы это так просто, но это стоит огромных трудов, за что композитору браво??   Слов не хватит описать то, какая режиссёрская работа проведена над этим фильмом, недаром фильм собрал сразу 7 статуэток, в том числе и лучшему режиссёру, этот фильм вызывает настоящие искренние эмоции, это не просто очередной фильм про войну, он про людей, и про то, на что одни люди готовы пойти из-за обстоятельств, а на что другие люди готовы пойти вопреки этим самым обстоятельствам.   Фильм – шедеврален, очень всем рекомендую ознакомиться если ещё не видели этого фильма. ;2021-01-22T16:03:00
Список Шиндлера (1993);+;Лист бумаги изменивший судьбу целого народа;Долго не решался посмотреть этот фильм по двум причинам.   Первая причина это тематика фильма. Военные драмы очень сложный жанр, здесь очень важно показать характер героев, их судьбы и переживания от происходящего. Само собой такие фильмы нужно смотреть под определенное настроение, ведь после просмотра подобных картин, особенно если они на реальных событиях, однозначно останется послевкусие.   И вторая причина это хронометраж. Фильм идет 3 часа 15 минут. И это время надо найти. При этом фильм смотрится на одном дыхании и зритель не будет поглядывать на часы с видом ну когда же там титры.   Касательно сюжета. Фильм снят по реальным событиям, об Оскаре Шиндлере. Этот человек благодаря умению заводить нужные знакомства и связи сумел организовать предпринимательскую деятельность на территории оккупированной Польши. Наладив производство по эмалированной посуды Шиндлер использует в качестве рабочей силы евреев, которых притеснили и согнали в гетто. Он уважительно относился к своим рабочим и в дальнейшем  благодаря его действиям были спасены свыше 1000 евреев.   Не берусь судить, что всё как было показано в фильме является истиной, но как художественное произведение сама история смотрится отлично!   Из плюсов картины хотелось бы выделить следующие:   Актерский дуэт Лиама Нисона и Рэйфа Файнса просто блистателен. Бен Кингсли в роли Ицхака очень хорошо вписался. Ну и операторская работа на высоте.   И наверно самый большой плюс, лично для меня, в том что Список Шиндлера - черно белое кино. Тональность и контраст подобраны бесподобно. Благодаря отсутствию цвета в фильме ты погружаешься в мир эмоций и  не обращаешь внимание на цвет одежды или цвет стен. Ты заостряешь внимание на эмоции персонажей, их переживание и состояние.   10 из 10 ;2020-12-27T01:10:00
Список Шиндлера (1993);+;Герой нашего времени;Прежде чем посмотреть этот фильм, я прочел одноименную книгу Томаса Кинелли, на чьей основе было снять сие произведение. Стоит отметить, что Спилберг огромный молодец. Данная история не должна быть излишне приукрашенной. Это было бы просто-напросто мерзко, учитывая что речь идет о жизнях людей. Главный герой фильма, Оскар Шиндлер, не представлен безупречным ангелом в человеческом обличии: у него есть свои пороки, проблемы и душевные терзания. Но это ни в коей мере не умоляет его подвига, того истинно героического риска, которому он сам, своей волей, подверг себя, да бы спасти людей.   Находясь между жерновов адской машины, этот человек действует так, как велит ему совесть.   Говоря о фильме в целом, невозможно не отметить стилистику и операторскую работу. Черно-белый цвет дает зрителю возможность не отвлекаться на спец-эффекты, а полностью сфокусироваться на сюжете данной истории.   С исторической точки зрения, картина так же уникальна. Нам дают увидеть, как будто-бы в живую, жизнь, которая бурлит далеко-далеко в тылу. Польша, Германия - ты буквально веришь, что действие происходит в 40-ые годы. Это еще один плюс в копилку.   Если меня попросят посоветовать фильм о войне, я ни на секунду не задумываюсь назову 'Список Шиндлера'. Мир должен знать своих героев.   10 из 10 ;2020-11-04T22:28:00
Список Шиндлера (1993);+;Спасибо, что ты есть, Оскар;Этот фильм не стал для меня открытием в историческом плане, как, я думаю, и для многих из вас. Фильм не несет посыл показать фашистов в плохом свете, у него это получается само собой, если сравнивать с другими немало известными фильмами на эту тематику, например, скажем 'Собибор'. Список Шиндлера же повествует не о тяжелой судьбе узников лагерей смерти, а напротив о человеке, который входил в отряд 'дилеров смерти', если можно так выразиться. Оскар Шиндлер - судетский немецкий промышленник, который во время холокоста предоставлял многим евреям места для работы на заводе, тем самым ставя их в иерархии на ступень выше, с класса 'низший слой населения' на 'полезная рабочая сила', спасая их от смерти.   Фильм показывает, что несмотря на абсолютную тоталитарную власть, в рядах немецких солдат и высших чинов, оставались люди, которые считали бесчеловечным обращение с евреями, тем самым давая нам понять, что не все фашисты - бесчувственные нелюди, скорее это люди, головы которых промыты пропагандой фюрера, это подтверждает сцена на заводе после вторжения войск СССР в Германию, Оскар Шиндлер говорит, что им больше не за кого сражаться, сложите оружие и идите домой и немцы недолго думая приняли решение и уйти.   Можно ли назвать фильм, который можно посмотреть вместо урока истории? Да, определенно, фильм показывает многие моменты войны, которые так или иначе действительно происходили, конечно фильм это не последняя инстанция.   Покажите 'Список Шиндлера' полностью апатичному человеку, и вы увидите как он плачет. Концовка фильма не оставит, ни капли безразличия, ни на одном человеке, у которого развита эмпатия хотя бы на начальном уровне.   Советую к просмотру, всем спасибо. ;2020-10-12T09:19:00
Список Шиндлера (1993);+;Слегка переоцененное, но очень сильное кино;Когда я впервые увидел этот фильм, я прослезился. Нет, это было не так, как в Титанике или Хатико. Это были слезы счастья - счастья того, что все завершилось по справедливости.   Список Шиндлера - по праву, одна из сильнейших драм голливудского и мирового кинематографа. Черно-белый цвет полотна подтверждает это. После фильма Спилберг долго не мог оправиться. Что же вышло в итоге?   Как знаток исторического контекста, могу смело вам заявить, что документальной правдивости от этого фильма ожидать глупо и по высшему свойство наивно. В том и сила фильма - он искривляет, драматизирует, искажает... Но делает это так красиво, с изяществом, что хочется сразу же пересмотреть кино. Причиной тому, что фильм все же переоценен (тот же 'Пианист' мало чем уступает, да и тот же Титаник не хуже) является его гиперпрофессионализм. Тот момент, когда и режиссер, и актеры, и композитор и все остальные участники процесса были настолько погружены в создание жестокого мира Холокоста, что им всем веришь. Веришь полностью, с самоотдачей.   Есть и незначительные огрехи. Из таких - излишнее демонизирование образа гитлеровцев и натянутость некоторых сцен, из-за чего местами можно хорошенько зевнуть. А местами идет и так уже проявленная гиперболизация.   9 из 10   Посмотрите, это сильное кино с сильными работами, с трудом, но дотягивающее до планки 'шедевр'. ;2020-07-14T17:31:00
Список Шиндлера (1993);+;Жизнь прекрасна?;"Вторая Мировая война стала не только страшным воспоминанием уходящего поколения и представлением в воображении молодого поколения при изучении этого фатального исторического явления - про события кошмара всего мира, учинённого Адольфом Гитлером было снято, как сразу после его окончания, так и снимается до сих пор, немалое количество фильмов и сериалов разного калибра: от полнометражных блокбастеров до долгоиграющих многосерийных проектов. В советских постановках старались обходиться без демонстрации натурализма происходивших ужасов войны, а преподносили последнее без визуальных дикостей, но так чтобы зритель во все последующие времена понимал, что до него доносят нечто очень важное; в современных фильмах можно увидеть больше высокой эмоциональности, агрессии и проявлений насилия, что делается вовсе не для того чтоб вызвать омерзение, а, опять же, продемонстрировать зрителю наглядно былое страшное время; мы видели постановки романтического характера, совмещающие в себе военный блокбастер и чувственную мелодраму (во главе фильмов о Второй Мировой подобного рода можно смело ставить суперхит 'Перл-Харбор' - американцы сняли много картин о событиях середины XX века, не затрагивая победившую страну - СССР, а охватывая объективом совсем другие страны, попавшие тогда под раздачу), итальянцы же удивили весь мир изумительным фильмом, в хронометраже которого сумели абсолютно обойти не только все сцены насилия, но и жёсткость как таковую в принципе, показывая при этом весьма жуткую ситуацию с пленением мирных жителей в концлагере, представив душещипательную историю семьи, оказавшейся в этом месте из-за национальности главы этой семьи. Именно о людях этой самой национальности и пошла речь в постановке, организованной одним из ведущих виртуозов голливудского кино Стивеном Спилбергом, при участии в главной роли актёра мирового масштаба, позднее зарекомендовавшего себя как лучшего исполнителя ролей персонажей, жёстко вершащих справедливость агрессивными методами в благородных целях - Лиама Нисона, которому тогда было ещё 40 с небольшим лет, и именно ему была доверена роль потрясающей личности, человека с большой буквы, который, несмотря на принадлежность к нации, которая обречена навсегда ассоциироваться с фашизмом - немец по имени Оскар Шиндлер, видя всё зло, делаемое его соотечественниками, пошёл против этой системы и, пользуясь своими полномочиями и состоянием, стал делать всё для того, чтобы спасти людей, считаемых низшей расой и уничтожаемых без всякой причины, но с особой жестокостью - облегчить жизнь захваченных евреев и по возможности спасти их от геноцида стало смыслом его жизни, несмотря на то, что у этого человека было всё для идеального личного существования как повод сказать 'Моё имя Заяц, я ничего не знаю' (немецкий аналог русской поговорки про 'хату с краю') и принять то, что творится за окнами, как данность того, что разрешено и приказано властями.   Стивен Спилберг, будучи знаменит как один из самых востребованных постановщиков блокбастеров с огромным количеством экшна и его высочайшей зрелищностью, нося почётное прозвище 'король развлекательного кино', взялся за проект, который прославил его как более разностороннюю творческую личность, тем самым доказав, что умеет снимать не только 'движуху', радующую глаз занимательными, красочными и захватывающими приключениями, но и проникновенное драматическое кино с высокой интеллектуальной нагрузкой, которое также способно вызвать у зрителя взрыв эмоций, но в этот раз эмоции в сознании человека, видящего столь глубокую драму о высоких и благородных стремлениях и их плодах, были несколько иного калибра, нежели 'кипение крови' при виде головокружительных погонь и масштабных катастроф, на фоне которых, впрочем, тоже кто-то кого-то обязательно спасает и выполняет какую-либо благородную миссию - в этот раз зритель даже мужского пола не стыдился слёз, а более трёх часов экранного времени смотрелись с широко открытыми глазами и замиранием сердца, несмотря на то что в фильме не только нет спецэффектов - великий мэтр использовал чёрно-белую плёнку, подчеркнув этим суровость времени и места и предельную низость действий физически превосходящей стороны персонажей, где между двумя сторонами героев истории - волков и овец, находится благородный лев, которому чужда жажда крови, и желание всей его жизни - спасать невиновных от бессмысленного насилия. Место, где происходит всё основное действие фильма, тяготит своей сутью гораздо сильнее, чем локации яростных кровопролитных битв, которые мы можем увидеть в военных боевиках - ведь перед нами не армии солдат, которые убивают друг друга, будучи примерно одинаковыми по физической силе, когда исход сражения определит стратегия и численное превосходство, а также боевой дух - перед нами садисты, которым вверено свыше коварным правительством уничтожать с бессмысленной жестокостью, граничащей с безумием и потерей человеческого естества, ни в чём не повинных людей, про которых им сказано, что это низшая раса, которую необходимо стереть с лица земли, невзирая на то, что это - простые люди, старики, женщины, дети. Конечно, всё это понимает каждый из тех, кто смотрит этот фильм и читает сейчас этот текст - быть может, не все задумывались об этом настолько подробно - но именно об этом позаботилась вся съёмочная группа, включая и актёров, которым пришлось изображать на камеру выродившихся моральных уродов, при этом стараясь перед объективом показать себя таковыми, вызывая омерзение к своим лицам - это была их работа, рассчитанная на полное понимание со стороны разумного зрителя, который, садясь перед экраном, осознаёт, что более трёх часов сейчас будет смотреть тяжёлое кино с мощной драматической нагрузкой, а не отдыхающий фильм для отдыха мозга. И эта команда проделала всю эту работу незря, судя по мировому признанию, которое снискала данная картина, что даёт повод верить, что на свете много умных людей, признающих этот труд великим, а его авторов - благородными гениями.   10 из 10 ";2020-03-26T23:26:00
Список Шиндлера (1993);-;Есть куда лучшее кино о трагедии холокоста...;В целом трагедия, переданная режиссёром в том фильме, понятна и ясна, однако не благодаря этому фильму.Очень хотелось бы сопереживать хоть кому-то из персонажей, однако главным героем в данной картине выступает промышленник Шиндлер, которого воспринимаешь как простого прагматика, который хоть и является человеком 'великодушным', но тем не менее исходящем из необходимости построить производство используя крайне дешёвую и даже рабскую рабочую силу еврейского населения Кракова. Ицхак Штерн, в данном фильме сыграл, без лишних слов, выше всяких похвал. Но это пожалуй относится именно к актёрской игре, а не к наполнению картины. Стоит обратить внимание на цветовую палитру фильма, который хоть и выдержан в откровенно черно-белых тонах, но тем не менее ряд персонажей всё же подсвечен яркими красками. С другой стороны не совсем понятно чем это обусловлено. Почему эти персонажи выделены, ведь кроме главного героя и его управляющего, сопереживать здесь просто некому. По крайней мере я для себя такого персонажа так и не нашёл. Да, происходящее ужасно, но есть фильмы где это передано куда лучше. Допустим 'Жизнь прекрасна'. Этот художественный фильм, решает вопрос передачи 'духа времени' в художественном плане куда лучше. Со 'Списком Шиндлера' всё становится ясно уже после часа просмотра, когда ты понимаешь, что ты смотреть его уже устал, но тебе придётся наблюдать это действо ещё два часа. Или же фильм 'Бункер', где ты наблюдаешь действие в течении всей ленты и даже не задумываешься о хронометраже, ведь каждую минуту что-то происходит. В качестве вывода скажу следующее. Не каждый фильм из 'Топ 250', судя по всему заслуживает просмотра. Не каждый фильм, который получил кучу 'Оскаров', достоин вашего времени.Не хватает всего, сюжета, динамики сопереживания. Да и я не помню случаев, когда нацисты строили свои поместья рядом с концлагерями. Это очень странное решение, учитывая факты описанные Уильямом Ширером, который указывает на тот факт, что сами нацисты стремились привлекать коллаборантов или же наиболее отмороженных нацистов к ликвидации еврейского, цыганского и советского народов. Ещё одно странное решение - держать собак в намордниках, когда проводят еврейский конвой. Наоборот - стоило бы дать возможность собакам сделать своё дело, ведь так было бы достовернее. Что же касается прочих особенностей - актёры действительно играют хорошо. Нацисты действительно внушают страх, евреи в фильме этот страх поглощают и всем им веришь. Картинка очень классная. Операторская работа и звук, как и всё звуковое оформление, на очень высоком уровне. Концовка очень трогательная, но то, как показали одного советского солдата, спускает всё повествование в унитаз. Сам фильм очень сильно проседает по мере всего повествования. По этой причине я даю такое резюме: это просто очередное кино о войне, в котором авторы не забыли в одной сцене(!) нагадить на голову Советскому Союзу. Я бы не стал его советовать к просмотру. ;2022-03-06T17:56:00
Список Шиндлера (1993);-;Брюс Уэйн-Шиндлер;Что мы видим на экране? В основном, двух орлов арийской внешности, один из которых убивает, издевается, бьёт и совершает всяческое насилие над евреями. Со вторым орлом сложнее. По задумке он должен из пронырливого коммерсанта, которого заботит только личная выгода, превратиться в человека, осознавшего все ужасы нацистского режима и вставшего на путь борьбы с ним. Что же здесь не так?   Во-первых, с самого начала Шиндлер почему-то выглядит положительно. Он главный герой, он красив, его заботит только собственный бизнес. И он живёт как будто в танке. Он не включён во всеобщую ненависть к евреям и травлю. Он тусит с нацистами, но это выглядит неправдоподобно: ни единого словечка ненависти и презрения к евреям от Шиндлера, а ведь это то, на чём, собственно, нацисты и сходятся, на чём основана их солидарность. Шиндлер будто обычный американский бизнесмен, внезапно перемещённый в нацистскую Германию.   Поэтому не получается и убедительного перевоплощения героя. Просто американский бизнесмен понял, что делает деньги на чём-то нехорошем, и перешёл на сторону добра. Проблема холокоста намного сложнее, страшнее и глубже. Из фашистского предпринимателя не может на раз два получиться супермен.   Наивно выглядит поведение евреев. Например, момент, когда женщины подумали, что их будут травить газом, а это всё-таки оказался душ. Сцена будто не из концлагеря, а из 'Поющих под дождём'.   Конец фильма вообще комедия. Список Шиндлера лежит на рельсах, к ним прискакивает русский солдат в количестве одного человека и говорит: 'Вы свободны! Вон городок какой-то, идите туда'.   Что фильм делает в топах - не понятно.   5 из 10 ;2020-11-10T13:18:00
